"V_base","X_base","P_base"
132,5.79648662036074,5206.47337735111
145,4.45661089049948,8171.3142843068
150,5.3742226530337,7251.49397156087
220,17.6877851039964,4739.50008966315
250,33.2426480833107,3256.45463627799
275,4.94414609172953,26493.2184227945
300,14.5447154439076,10717.6089681765
350,38.110949921753,5567.32971397496
380,3.13254770816375,79841.7645679066
420,18.5255935010352,16492.5222200345
