"V_base","X_base","P_base"
132,10.05975109036,1732.05080756888
145,12.1387894097119,1732.05080756888
150,12.9903810567666,1732.05080756888
220,27.9437530287779,1732.05080756888
250,36.0843918243516,1732.05080756888
275,43.6621141074654,1732.05080756888
300,51.9615242270663,1732.05080756888
350,70.7254079757292,1732.05080756888
380,83.369378870982,1732.05080756888
420,101.84458748505,1732.05080756888
